{"accuracy": 1.0, "weights": [[-612.5216674804688], [36.503082275390625], [81.04603576660156], [61.511497497558594], [61.35178756713867], [93.5625228881836]]}